id;name;cover;jhi_desc;data_spec
1;旁 巷 Automated;Cotton Shoes 浙江省;Orchestrator groupware;Handcrafted
2;Lead Handmade bus;Computers Turkish;capacitor Principal;redefine driver
3;responsive robust Frozen;1080p invoice program;hacking;ADP 台湾省 seamless
4;bypassing digital Programmable;exploit gold;Focused;green
5;Applications Borders;Intranet;新疆 Tasty Berkshire;District deposit Quality
6;Metal 旁 Incredible;Steel actuating;Identity;end-to-end
7;connecting generating District;productivity Enterprise-wide;AGP;orchid
8;Home fuchsia;Account Focused;International Orchestrator Re-contextualized;China
9;Qatar eyeballs;haptic Programmable;communities;Market 山东省
10;Implementation paradigms RAM;utilize;panel incentivize;open mobile
